<?xml version="1.0" encoding="utf-8"?>
<rss version="2.0" xmlns:sparkle="http://www.andymatuschak.org/xml-namespaces/sparkle"  xmlns:dc="http://purl.org/dc/elements/1.1/">
   <channel>
      <title>Your Great App's Changelog</title>
      <link>https://github.com/ZayYarHtun/R.swift/raw/master/appcast.xml</link>
      <description>Most recent changes with links to updates.</description>
      <language>en</language>
         <item>
            <title>Version 2.0 (2 bugs fixed; 3 new features)</title>
                        <sparkle:releaseNotesLink>
                            http://you.com/app/2.0.html
                        </sparkle:releaseNotesLink>
            <pubDate>Wed, 09 Jan 2006 19:20:11 +0000</pubDate>
            <enclosure url="https://github.com/ZayYarHtun/R.swift/raw/master/Musidio.zip" sparkle:version="2.0" length="1623481" type="application/octet-stream"/>
         </item>
   </channel>
</rss>
